<?xml version="1.0" encoding="utf-8"?>
<ApplicationInstallerManifest>
   <DefaultInstallationDirectory>/Applications/University_of_Michigan/SMAC/</DefaultInstallationDirectory>
   <ApplicationName>SMAC</ApplicationName>
   <ExecutableName>application/SMAC.exe</ExecutableName>
   <GUID>1e12b59a-93e0-4479-b8da-fd82285de726</GUID>
   <ApplicationIcon>default_icon_48.png</ApplicationIcon>
   <Logo>default_logo.png</Logo>
   <Version>1.0</Version>
   <InstallationNotes>In the following directions, replace MR/v94 by the directory on the target machine where MATLAB is installed, or MR by the directory where the MATLAB Runtime is installed.

If the environment variable DYLD_LIBRARY_PATH is undefined, set it to the following string:

MR/v94/runtime/maci64:MR/v94/sys/os/maci64:MR/v94/bin/maci64

If it is defined, set it to the following:

${DYLD_LIBRARY_PATH}:MR/v94/runtime/maci64:MR/v94/sys/os/maci64:MR/v94/bin/maci64
</InstallationNotes>
   <AuthorOrganization>University of Michigan</AuthorOrganization>
   <WelcomePanelText>SMAC 1.0
Leyou Zhang, Jieming Li
leyou@umich.edu</WelcomePanelText>
   <MCRProducts>
      <MCRProduct>
         <ExternalProductIdentifier>35000</ExternalProductIdentifier>
      </MCRProduct>
      <MCRProduct>
         <ExternalProductIdentifier>35010</ExternalProductIdentifier>
      </MCRProduct>
   </MCRProducts>
</ApplicationInstallerManifest>